{"cameraMode":{"drawMode":0,"name":"Shaded","section":"Shading Mode"},"sceneLighting":false,"audioPlay":false,"sceneViewState":{"m_AlwaysRefresh":false,"showFog":true,"showSkybox":false,"showFlares":true,"showImageEffects":true,"showParticleSystems":true,"showVisualEffectGraphs":true,"m_FxEnabled":true},"in2DMode":false,"pivot":{"x":-0.0007634162902832031,"y":3.2494068145751955,"z":1.7180757522583008},"rotation":{"x":0.19369785487651826,"y":0.24318188428878785,"z":-0.04962680861353874,"w":0.9491559863090515},"size":3.2773749828338625,"orthographic":false}